w,AUC,AP,LogLoss
0.6,0,0,0.6914344689573134
0.7,0,0,0.6914344689573134
0.8,0,0,0.6914344689573134
0.9,0,0,0.6914344689573134
